scenario	status	actions	byte_equal_checks	metadata_rejections	index_rejections	scan_rejections	scan_passes	exact_boundary_hits	execution
metadata-truncated	passed	10	6	2	2	2	0	0	87e3eb46-12bc-45e1-a678-8994b5a77cfd
metadata-empty	passed	10	6	2	2	2	0	0	87e3eb46-12bc-45e1-a678-8994b5a77cfd
metadata-unknown-version	passed	10	6	2	2	2	0	0	87e3eb46-12bc-45e1-a678-8994b5a77cfd
metadata-copy-mismatch	passed	10	6	2	2	2	0	0	87e3eb46-12bc-45e1-a678-8994b5a77cfd
metadata-unknown-codec	passed	10	6	2	2	2	0	0	87e3eb46-12bc-45e1-a678-8994b5a77cfd
metadata-logical-size	passed	10	6	2	2	2	0	0	87e3eb46-12bc-45e1-a678-8994b5a77cfd
direct-after-payload	passed	10	8	0	0	0	1	1	e703c901-9d48-486b-bee3-e87f4927f58f
direct-after-index	passed	10	8	0	0	0	1	1	e703c901-9d48-486b-bee3-e87f4927f58f
unconfirmed-before-ack	passed	10	8	0	0	0	1	1	e703c901-9d48-486b-bee3-e87f4927f58f
compaction-before-index	passed	138	9	0	0	0	1	1	e703c901-9d48-486b-bee3-e87f4927f58f
compaction-after-index	passed	138	9	0	0	0	1	1	e703c901-9d48-486b-bee3-e87f4927f58f
direct-before-payload	passed	10	8	0	0	0	1	1	c1458d40-a1c3-4121-9b1c-b916d41edb71
pilot	passed	146	21	0	0	0	0	0	4ade5a70-cd8c-4e2d-bca4-880be6ab5b66
large-overlay	passed	56	57	0	0	0	8	0	4ade5a70-cd8c-4e2d-bca4-880be6ab5b66
stripe	passed	14	17	0	0	0	2	0	4ade5a70-cd8c-4e2d-bca4-880be6ab5b66
cleanup-gc	passed	18	8	0	0	0	1	0	4ade5a70-cd8c-4e2d-bca4-880be6ab5b66
config	passed	1416	124	0	0	0	0	0	54f6c9d8-0c7c-4fc8-8f14-32c8d7be1e67
saturation	passed	224	369	0	0	0	0	0	54f6c9d8-0c7c-4fc8-8f14-32c8d7be1e67
concurrent-tablet	passed	1553	57	0	0	0	0	0	54f6c9d8-0c7c-4fc8-8f14-32c8d7be1e67
corrupt-compaction	passed	47	17	0	0	0	2	0	54f6c9d8-0c7c-4fc8-8f14-32c8d7be1e67
